text,label
"Experienced professional with skills in CSS, backend, React, HTML and proven expertise in web development.",Web Development
"Experienced professional with skills in scrum, risk management, Project Management, project planning and proven expertise in project management.",Project Management
"Experienced professional with skills in public speaking, presentation, negotiation and proven expertise in communication.",Communication
"Experienced professional with skills in team building, team leadership, mentorship and proven expertise in team leadership.",Team Leadership
"Experienced professional with skills in Tableau, Data Analysis, data visualization, Power BI and proven expertise in data analysis.",Data Analysis
"Experienced professional with skills in Maven, Java EE, Spring Boot and proven expertise in java.",Java
"Experienced professional with skills in data processing, Python, Flask, NumPy and proven expertise in python.",Python
"Experienced professional with skills in cybersecurity, penetration testing, vulnerability assessment, network security and proven expertise in cybersecurity.",Cybersecurity
"Experienced professional with skills in firewalls, network configuration, VPN, Cisco and proven expertise in network engineering.",Network Engineering
"Experienced professional with skills in Pandas, Django, NumPy, Python and proven expertise in python.",Python
"Experienced professional with skills in JavaScript, React, HTML and proven expertise in web development.",Web Development
"Experienced professional with skills in presentation, public speaking, negotiation, communication and proven expertise in communication.",Communication
"Experienced professional with skills in real-time systems, embedded, Qt, C++ and proven expertise in c++.",C++
"Experienced professional with skills in Java, backend, Jenkins, Java EE and proven expertise in java.",Java
"Experienced professional with skills in data pipeline, Spark, Hadoop and proven expertise in data engineering.",Data Engineering
"Experienced professional with skills in network security, cybersecurity, vulnerability assessment and proven expertise in cybersecurity.",Cybersecurity
"Experienced professional with skills in conflict resolution, team building, mentorship, team leadership and proven expertise in team leadership.",Team Leadership
"Experienced professional with skills in iOS, Swift and proven expertise in mobile development.",Mobile Development
"Experienced professional with skills in Python, data processing and proven expertise in python.",Python
"Experienced professional with skills in communication, public speaking and proven expertise in communication.",Communication
"Experienced professional with skills in mobile app, Android, Swift, iOS and proven expertise in mobile development.",Mobile Development
"Experienced professional with skills in C++, embedded, real-time systems and proven expertise in c++.",C++
"Experienced professional with skills in NumPy, Flask, Django, scripting and proven expertise in python.",Python
"Experienced professional with skills in network security, cybersecurity, penetration testing, vulnerability assessment and proven expertise in cybersecurity.",Cybersecurity
"Experienced professional with skills in risk management, scrum, agile, project planning and proven expertise in project management.",Project Management
"Experienced professional with skills in VPN, network configuration, Cisco and proven expertise in network engineering.",Network Engineering
"Experienced professional with skills in user experience, UX and proven expertise in ui/ux design.",UI/UX Design
"Experienced professional with skills in deployment, Azure, cloud infrastructure and proven expertise in cloud computing.",Cloud Computing
"Experienced professional with skills in Swift, Android, iOS and proven expertise in mobile development.",Mobile Development
"Experienced professional with skills in big data, Spark, data pipeline and proven expertise in data engineering.",Data Engineering
"Experienced professional with skills in cybersecurity, vulnerability assessment, penetration testing, network security and proven expertise in cybersecurity.",Cybersecurity
"Experienced professional with skills in Power BI, Data Analysis, data visualization, Tableau and proven expertise in data analysis.",Data Analysis
"Experienced professional with skills in conflict resolution, mentorship, team leadership, team building and proven expertise in team leadership.",Team Leadership
"Experienced professional with skills in AWS, GCP, cloud infrastructure and proven expertise in cloud computing.",Cloud Computing
"Experienced professional with skills in Swift, mobile app, React Native and proven expertise in mobile development.",Mobile Development
"Experienced professional with skills in Pandas, Python, Flask, scripting and proven expertise in python.",Python
"Experienced professional with skills in public speaking, presentation and proven expertise in communication.",Communication
"Experienced professional with skills in team building, conflict resolution and proven expertise in team leadership.",Team Leadership
"Experienced professional with skills in UX, user experience, Figma and proven expertise in ui/ux design.",UI/UX Design
"Experienced professional with skills in SQL, MySQL and proven expertise in sql.",SQL
"Experienced professional with skills in game development, Qt, C++, embedded and proven expertise in c++.",C++
"Experienced professional with skills in DevOps, Kubernetes, automation, Docker and proven expertise in devops.",DevOps
"Experienced professional with skills in scrum, agile, Project Management and proven expertise in project management.",Project Management
"Experienced professional with skills in public speaking, presentation, negotiation, communication and proven expertise in communication.",Communication
"Experienced professional with skills in software testing, QA, Selenium and proven expertise in software testing.",Software Testing
"Experienced professional with skills in Tableau, data visualization, Excel, Power BI and proven expertise in data analysis.",Data Analysis
"Experienced professional with skills in Project Management, project planning and proven expertise in project management.",Project Management
"Experienced professional with skills in Django, scripting and proven expertise in python.",Python
"Experienced professional with skills in wireframing, UX, Figma, UI and proven expertise in ui/ux design.",UI/UX Design
"Experienced professional with skills in Jenkins, Java, backend and proven expertise in java.",Java
"Experienced professional with skills in Kubernetes, automation, CI/CD, Docker and proven expertise in devops.",DevOps
"Experienced professional with skills in Cisco, firewalls, VPN, network configuration and proven expertise in network engineering.",Network Engineering
"Experienced professional with skills in Project Management, scrum, agile and proven expertise in project management.",Project Management
"Experienced professional with skills in scikit-learn, regression and proven expertise in machine learning.",Machine Learning
"Experienced professional with skills in presentation, communication, negotiation and proven expertise in communication.",Communication
"Experienced professional with skills in DevOps, automation and proven expertise in devops.",DevOps
"Experienced professional with skills in database management, SQL, SQL Server, PostgreSQL and proven expertise in sql.",SQL
"Experienced professional with skills in big data, data pipeline and proven expertise in data engineering.",Data Engineering
"Experienced professional with skills in SQL Server, queries, PostgreSQL, MySQL and proven expertise in sql.",SQL
"Experienced professional with skills in mobile app, React Native, Swift, iOS and proven expertise in mobile development.",Mobile Development
"Experienced professional with skills in embedded, Qt, real-time systems, C++ and proven expertise in c++.",C++
"Experienced professional with skills in deployment, cloud infrastructure, Azure, AWS and proven expertise in cloud computing.",Cloud Computing
"Experienced professional with skills in NumPy, scripting, Python and proven expertise in python.",Python
"Experienced professional with skills in wireframing, Adobe XD and proven expertise in ui/ux design.",UI/UX Design
"Experienced professional with skills in Project Management, project planning, risk management and proven expertise in project management.",Project Management
"Experienced professional with skills in scripting, data processing, Django and proven expertise in python.",Python
"Experienced professional with skills in Kubernetes, automation and proven expertise in devops.",DevOps
"Experienced professional with skills in backend, Spring Boot and proven expertise in java.",Java
"Experienced professional with skills in network configuration, Cisco and proven expertise in network engineering.",Network Engineering
"Experienced professional with skills in SQL, database management and proven expertise in sql.",SQL
"Experienced professional with skills in Data Analysis, Tableau, data visualization, Excel and proven expertise in data analysis.",Data Analysis
"Experienced professional with skills in penetration testing, cybersecurity, network security, vulnerability assessment and proven expertise in cybersecurity.",Cybersecurity
"Experienced professional with skills in backend, JavaScript and proven expertise in web development.",Web Development
"Experienced professional with skills in Power BI, Data Analysis, Tableau and proven expertise in data analysis.",Data Analysis
"Experienced professional with skills in wireframing, UX, Figma and proven expertise in ui/ux design.",UI/UX Design
"Experienced professional with skills in Adobe XD, Figma and proven expertise in ui/ux design.",UI/UX Design
"Experienced professional with skills in penetration testing, vulnerability assessment, cybersecurity and proven expertise in cybersecurity.",Cybersecurity
"Experienced professional with skills in backend, Java EE, Jenkins, Spring Boot and proven expertise in java.",Java
"Experienced professional with skills in Qt, real-time systems, C++, embedded and proven expertise in c++.",C++
"Experienced professional with skills in PostgreSQL, SQL, queries and proven expertise in sql.",SQL
"Experienced professional with skills in Java, Spring Boot, Maven and proven expertise in java.",Java
"Experienced professional with skills in GCP, deployment, cloud infrastructure, AWS and proven expertise in cloud computing.",Cloud Computing
"Experienced professional with skills in negotiation, public speaking and proven expertise in communication.",Communication
"Experienced professional with skills in Android, mobile app and proven expertise in mobile development.",Mobile Development
"Experienced professional with skills in Hadoop, Spark, data pipeline and proven expertise in data engineering.",Data Engineering
"Experienced professional with skills in cybersecurity, penetration testing, vulnerability assessment, network security and proven expertise in cybersecurity.",Cybersecurity
"Experienced professional with skills in clustering, Machine Learning, scikit-learn and proven expertise in machine learning.",Machine Learning
"Experienced professional with skills in firewalls, network configuration and proven expertise in network engineering.",Network Engineering
"Experienced professional with skills in Kubernetes, Docker, automation and proven expertise in devops.",DevOps
"Experienced professional with skills in NLP, TensorFlow and proven expertise in artificial intelligence.",Artificial Intelligence
"Experienced professional with skills in firewalls, network configuration, VPN and proven expertise in network engineering.",Network Engineering
"Experienced professional with skills in data processing, Python, scripting and proven expertise in python.",Python
"Experienced professional with skills in network security, vulnerability assessment and proven expertise in cybersecurity.",Cybersecurity
"Experienced professional with skills in mentorship, team building, conflict resolution, team leadership and proven expertise in team leadership.",Team Leadership
"Experienced professional with skills in deployment, Azure, GCP and proven expertise in cloud computing.",Cloud Computing
"Experienced professional with skills in queries, MySQL and proven expertise in sql.",SQL
"Experienced professional with skills in conflict resolution, mentorship and proven expertise in team leadership.",Team Leadership
"Experienced professional with skills in real-time systems, Qt, C++ and proven expertise in c++.",C++
"Experienced professional with skills in TensorFlow, artificial intelligence, AI and proven expertise in artificial intelligence.",Artificial Intelligence
"Experienced professional with skills in Java, Java EE and proven expertise in java.",Java
"Experienced professional with skills in deep learning, artificial intelligence and proven expertise in artificial intelligence.",Artificial Intelligence
"Experienced professional with skills in public speaking, negotiation and proven expertise in communication.",Communication
"Experienced professional with skills in data visualization, Excel and proven expertise in data analysis.",Data Analysis
"Experienced professional with skills in AI, deep learning and proven expertise in artificial intelligence.",Artificial Intelligence
"Experienced professional with skills in risk management, agile, scrum, Project Management and proven expertise in project management.",Project Management
"Experienced professional with skills in frontend, CSS, JavaScript, React and proven expertise in web development.",Web Development
"Experienced professional with skills in game development, embedded and proven expertise in c++.",C++
"Experienced professional with skills in network configuration, Cisco, firewalls and proven expertise in network engineering.",Network Engineering
"Experienced professional with skills in big data, Spark, ETL and proven expertise in data engineering.",Data Engineering
"Experienced professional with skills in test automation, Selenium, software testing, QA and proven expertise in software testing.",Software Testing
"Experienced professional with skills in Selenium, test automation and proven expertise in software testing.",Software Testing
"Experienced professional with skills in Docker, Kubernetes and proven expertise in devops.",DevOps
"Experienced professional with skills in cloud infrastructure, deployment, AWS, GCP and proven expertise in cloud computing.",Cloud Computing
"Experienced professional with skills in Java, Jenkins, backend and proven expertise in java.",Java
"Experienced professional with skills in React, JavaScript, HTML and proven expertise in web development.",Web Development
"Experienced professional with skills in Azure, AWS, cloud infrastructure and proven expertise in cloud computing.",Cloud Computing
"Experienced professional with skills in embedded, game development, Qt, C++ and proven expertise in c++.",C++
"Experienced professional with skills in data pipeline, Spark, ETL, big data and proven expertise in data engineering.",Data Engineering
"Experienced professional with skills in ETL, big data and proven expertise in data engineering.",Data Engineering
"Experienced professional with skills in Jenkins, Maven, Spring Boot and proven expertise in java.",Java
"Experienced professional with skills in penetration testing, vulnerability assessment, network security, cybersecurity and proven expertise in cybersecurity.",Cybersecurity
"Experienced professional with skills in SQL, SQL Server, MySQL and proven expertise in sql.",SQL
"Experienced professional with skills in backend, Jenkins, Java and proven expertise in java.",Java
"Experienced professional with skills in Spring Boot, Maven, backend and proven expertise in java.",Java
"Experienced professional with skills in CSS, JavaScript and proven expertise in web development.",Web Development
"Experienced professional with skills in cybersecurity, vulnerability assessment and proven expertise in cybersecurity.",Cybersecurity
"Experienced professional with skills in MySQL, queries and proven expertise in sql.",SQL
"Experienced professional with skills in Selenium, test automation, QA, software testing and proven expertise in software testing.",Software Testing
"Experienced professional with skills in GCP, cloud infrastructure and proven expertise in cloud computing.",Cloud Computing
"Experienced professional with skills in negotiation, communication and proven expertise in communication.",Communication
"Experienced professional with skills in AI, artificial intelligence, TensorFlow, deep learning and proven expertise in artificial intelligence.",Artificial Intelligence
"Experienced professional with skills in project planning, Project Management, scrum, agile and proven expertise in project management.",Project Management
"Experienced professional with skills in backend, Jenkins, Java, Java EE and proven expertise in java.",Java
"Experienced professional with skills in Power BI, Data Analysis, Tableau, data visualization and proven expertise in data analysis.",Data Analysis
"Experienced professional with skills in Maven, backend, Java EE and proven expertise in java.",Java
"Experienced professional with skills in scripting, Pandas and proven expertise in python.",Python
"Experienced professional with skills in C++, game development, real-time systems, embedded and proven expertise in c++.",C++
"Experienced professional with skills in Pandas, Django and proven expertise in python.",Python
"Experienced professional with skills in mentorship, team leadership and proven expertise in team leadership.",Team Leadership
"Experienced professional with skills in Jenkins, Maven and proven expertise in java.",Java
"Experienced professional with skills in presentation, public speaking and proven expertise in communication.",Communication
"Experienced professional with skills in scripting, NumPy, Flask and proven expertise in python.",Python
"Experienced professional with skills in team building, conflict resolution and proven expertise in team leadership.",Team Leadership
"Experienced professional with skills in AI, NLP, deep learning and proven expertise in artificial intelligence.",Artificial Intelligence
"Experienced professional with skills in Android, Swift, iOS, mobile app and proven expertise in mobile development.",Mobile Development
"Experienced professional with skills in team building, mentorship and proven expertise in team leadership.",Team Leadership
"Experienced professional with skills in NLP, artificial intelligence and proven expertise in artificial intelligence.",Artificial Intelligence
"Experienced professional with skills in artificial intelligence, NLP, deep learning, TensorFlow and proven expertise in artificial intelligence.",Artificial Intelligence
"Experienced professional with skills in CSS, frontend, backend and proven expertise in web development.",Web Development
"Experienced professional with skills in CSS, frontend, HTML and proven expertise in web development.",Web Development
"Experienced professional with skills in Project Management, agile and proven expertise in project management.",Project Management
"Experienced professional with skills in Maven, Java EE, Spring Boot, backend and proven expertise in java.",Java
"Experienced professional with skills in VPN, network configuration, Cisco, firewalls and proven expertise in network engineering.",Network Engineering
"Experienced professional with skills in automation, Kubernetes, DevOps and proven expertise in devops.",DevOps
"Experienced professional with skills in Qt, real-time systems, embedded and proven expertise in c++.",C++
"Experienced professional with skills in Tableau, data visualization, Data Analysis, Power BI and proven expertise in data analysis.",Data Analysis
"Experienced professional with skills in Java EE, backend, Jenkins, Maven and proven expertise in java.",Java
"Experienced professional with skills in UI, user experience and proven expertise in ui/ux design.",UI/UX Design
"Experienced professional with skills in DevOps, automation, Kubernetes and proven expertise in devops.",DevOps
"Experienced professional with skills in scrum, risk management and proven expertise in project management.",Project Management
"Experienced professional with skills in presentation, negotiation and proven expertise in communication.",Communication
"Experienced professional with skills in vulnerability assessment, cybersecurity, penetration testing, network security and proven expertise in cybersecurity.",Cybersecurity
"Experienced professional with skills in TensorFlow, NLP, deep learning, artificial intelligence and proven expertise in artificial intelligence.",Artificial Intelligence
"Experienced professional with skills in SQL Server, PostgreSQL, queries, database management and proven expertise in sql.",SQL
"Experienced professional with skills in SQL Server, SQL, PostgreSQL, database management and proven expertise in sql.",SQL
"Experienced professional with skills in Pandas, NumPy, Flask and proven expertise in python.",Python
"Experienced professional with skills in backend, React, CSS and proven expertise in web development.",Web Development
"Experienced professional with skills in Spark, big data, data pipeline, Hadoop and proven expertise in data engineering.",Data Engineering
"Experienced professional with skills in Swift, React Native, mobile app and proven expertise in mobile development.",Mobile Development
"Experienced professional with skills in embedded, C++ and proven expertise in c++.",C++
"Experienced professional with skills in Azure, cloud infrastructure and proven expertise in cloud computing.",Cloud Computing
"Experienced professional with skills in PostgreSQL, SQL Server and proven expertise in sql.",SQL
"Experienced professional with skills in cybersecurity, penetration testing and proven expertise in cybersecurity.",Cybersecurity
"Experienced professional with skills in vulnerability assessment, network security, penetration testing and proven expertise in cybersecurity.",Cybersecurity
"Experienced professional with skills in database management, MySQL, queries, PostgreSQL and proven expertise in sql.",SQL
"Experienced professional with skills in mentorship, team building, team leadership and proven expertise in team leadership.",Team Leadership
"Experienced professional with skills in Swift, iOS, Android, React Native and proven expertise in mobile development.",Mobile Development
"Experienced professional with skills in embedded, C++, game development, real-time systems and proven expertise in c++.",C++
"Experienced professional with skills in cloud infrastructure, deployment and proven expertise in cloud computing.",Cloud Computing
"Experienced professional with skills in artificial intelligence, AI, deep learning, NLP and proven expertise in artificial intelligence.",Artificial Intelligence
"Experienced professional with skills in GCP, cloud infrastructure, deployment, Azure and proven expertise in cloud computing.",Cloud Computing
"Experienced professional with skills in Pandas, Flask, data processing, scripting and proven expertise in python.",Python
"Experienced professional with skills in negotiation, public speaking and proven expertise in communication.",Communication
"Experienced professional with skills in regression, classification, Machine Learning and proven expertise in machine learning.",Machine Learning
"Experienced professional with skills in Maven, Spring Boot, Java EE and proven expertise in java.",Java
"Experienced professional with skills in Azure, deployment and proven expertise in cloud computing.",Cloud Computing
"Experienced professional with skills in scikit-learn, Machine Learning, classification, regression and proven expertise in machine learning.",Machine Learning
"Experienced professional with skills in Selenium, QA, software testing, test automation and proven expertise in software testing.",Software Testing
"Experienced professional with skills in data pipeline, Hadoop, Spark, ETL and proven expertise in data engineering.",Data Engineering
"Experienced professional with skills in Cisco, firewalls and proven expertise in network engineering.",Network Engineering
"Experienced professional with skills in C++, real-time systems, Qt, game development and proven expertise in c++.",C++
"Experienced professional with skills in clustering, regression, Machine Learning, classification and proven expertise in machine learning.",Machine Learning
"Experienced professional with skills in mentorship, team leadership, conflict resolution and proven expertise in team leadership.",Team Leadership
"Experienced professional with skills in risk management, scrum, project planning, agile and proven expertise in project management.",Project Management
"Experienced professional with skills in NLP, AI, TensorFlow, artificial intelligence and proven expertise in artificial intelligence.",Artificial Intelligence
"Experienced professional with skills in Qt, embedded, C++ and proven expertise in c++.",C++
"Experienced professional with skills in mentorship, conflict resolution, team leadership, team building and proven expertise in team leadership.",Team Leadership
"Experienced professional with skills in penetration testing, cybersecurity and proven expertise in cybersecurity.",Cybersecurity
"Experienced professional with skills in scrum, project planning, agile, Project Management and proven expertise in project management.",Project Management
"Experienced professional with skills in Selenium, QA, software testing and proven expertise in software testing.",Software Testing
"Experienced professional with skills in PostgreSQL, queries and proven expertise in sql.",SQL
"Experienced professional with skills in AI, artificial intelligence, NLP and proven expertise in artificial intelligence.",Artificial Intelligence
"Experienced professional with skills in presentation, public speaking and proven expertise in communication.",Communication
"Experienced professional with skills in presentation, communication and proven expertise in communication.",Communication
"Experienced professional with skills in CSS, React, backend and proven expertise in web development.",Web Development
"Experienced professional with skills in Flask, NumPy, scripting and proven expertise in python.",Python
"Experienced professional with skills in real-time systems, C++, embedded, game development and proven expertise in c++.",C++
"Experienced professional with skills in React, CSS, frontend, JavaScript and proven expertise in web development.",Web Development
"Experienced professional with skills in Qt, C++, real-time systems, embedded and proven expertise in c++.",C++
"Experienced professional with skills in C++, game development, real-time systems, Qt and proven expertise in c++.",C++
"Experienced professional with skills in SQL Server, PostgreSQL and proven expertise in sql.",SQL
"Experienced professional with skills in GCP, Azure and proven expertise in cloud computing.",Cloud Computing
"Experienced professional with skills in data pipeline, ETL, Hadoop and proven expertise in data engineering.",Data Engineering
"Experienced professional with skills in real-time systems, embedded and proven expertise in c++.",C++
"Experienced professional with skills in NLP, AI, artificial intelligence, TensorFlow and proven expertise in artificial intelligence.",Artificial Intelligence
"Experienced professional with skills in AWS, cloud infrastructure and proven expertise in cloud computing.",Cloud Computing
"Experienced professional with skills in UI, Adobe XD and proven expertise in ui/ux design.",UI/UX Design
"Experienced professional with skills in mentorship, conflict resolution, team leadership, team building and proven expertise in team leadership.",Team Leadership
"Experienced professional with skills in SQL Server, queries, SQL and proven expertise in sql.",SQL
"Experienced professional with skills in cybersecurity, vulnerability assessment, network security and proven expertise in cybersecurity.",Cybersecurity
"Experienced professional with skills in real-time systems, embedded, C++ and proven expertise in c++.",C++
"Experienced professional with skills in Power BI, Excel, Tableau, Data Analysis and proven expertise in data analysis.",Data Analysis
"Experienced professional with skills in conflict resolution, team leadership and proven expertise in team leadership.",Team Leadership
"Experienced professional with skills in firewalls, Cisco, VPN, network configuration and proven expertise in network engineering.",Network Engineering
"Experienced professional with skills in automation, DevOps, Kubernetes, Docker and proven expertise in devops.",DevOps
"Experienced professional with skills in deployment, cloud infrastructure and proven expertise in cloud computing.",Cloud Computing
"Experienced professional with skills in team building, mentorship and proven expertise in team leadership.",Team Leadership
"Experienced professional with skills in C++, game development, Qt, real-time systems and proven expertise in c++.",C++
"Experienced professional with skills in C++, embedded, Qt, game development and proven expertise in c++.",C++
"Experienced professional with skills in Docker, CI/CD, automation and proven expertise in devops.",DevOps
"Experienced professional with skills in Spring Boot, Maven, Jenkins and proven expertise in java.",Java
"Experienced professional with skills in scripting, NumPy, Flask, Django and proven expertise in python.",Python
"Experienced professional with skills in user experience, Adobe XD, wireframing and proven expertise in ui/ux design.",UI/UX Design
"Experienced professional with skills in data pipeline, big data, ETL, Spark and proven expertise in data engineering.",Data Engineering
"Experienced professional with skills in agile, risk management, scrum, project planning and proven expertise in project management.",Project Management
"Experienced professional with skills in team leadership, team building, mentorship, conflict resolution and proven expertise in team leadership.",Team Leadership
"Experienced professional with skills in SQL, PostgreSQL, MySQL and proven expertise in sql.",SQL
"Experienced professional with skills in DevOps, Kubernetes, CI/CD, Docker and proven expertise in devops.",DevOps
"Experienced professional with skills in mentorship, team leadership and proven expertise in team leadership.",Team Leadership
"Experienced professional with skills in Data Analysis, data visualization and proven expertise in data analysis.",Data Analysis
"Experienced professional with skills in VPN, firewalls, Cisco and proven expertise in network engineering.",Network Engineering
"Experienced professional with skills in regression, Machine Learning, clustering and proven expertise in machine learning.",Machine Learning
"Experienced professional with skills in Adobe XD, wireframing, UX, user experience and proven expertise in ui/ux design.",UI/UX Design
"Experienced professional with skills in Azure, GCP and proven expertise in cloud computing.",Cloud Computing
"Experienced professional with skills in test automation, QA and proven expertise in software testing.",Software Testing
"Experienced professional with skills in public speaking, communication and proven expertise in communication.",Communication
"Experienced professional with skills in test automation, QA, Selenium and proven expertise in software testing.",Software Testing
"Experienced professional with skills in NumPy, data processing, Python and proven expertise in python.",Python
"Experienced professional with skills in automation, CI/CD, Docker, DevOps and proven expertise in devops.",DevOps
"Experienced professional with skills in Power BI, data visualization, Tableau, Data Analysis and proven expertise in data analysis.",Data Analysis
"Experienced professional with skills in regression, clustering and proven expertise in machine learning.",Machine Learning
"Experienced professional with skills in CI/CD, Kubernetes and proven expertise in devops.",DevOps
"Experienced professional with skills in React Native, Swift, iOS, mobile app and proven expertise in mobile development.",Mobile Development
"Experienced professional with skills in Tableau, Excel and proven expertise in data analysis.",Data Analysis
"Experienced professional with skills in CSS, backend, frontend, JavaScript and proven expertise in web development.",Web Development
"Experienced professional with skills in GCP, AWS and proven expertise in cloud computing.",Cloud Computing
"Experienced professional with skills in Tableau, data visualization, Excel and proven expertise in data analysis.",Data Analysis
"Experienced professional with skills in data pipeline, ETL and proven expertise in data engineering.",Data Engineering
"Experienced professional with skills in SQL Server, MySQL, SQL, queries and proven expertise in sql.",SQL
"Experienced professional with skills in Flask, Python and proven expertise in python.",Python
"Experienced professional with skills in software testing, Selenium and proven expertise in software testing.",Software Testing
"Experienced professional with skills in embedded, Qt, C++, real-time systems and proven expertise in c++.",C++
"Experienced professional with skills in scrum, Project Management, risk management, agile and proven expertise in project management.",Project Management
"Experienced professional with skills in AWS, cloud infrastructure, Azure, deployment and proven expertise in cloud computing.",Cloud Computing
"Experienced professional with skills in HTML, frontend, JavaScript and proven expertise in web development.",Web Development
"Experienced professional with skills in real-time systems, C++, Qt and proven expertise in c++.",C++
"Experienced professional with skills in Flask, NumPy and proven expertise in python.",Python
"Experienced professional with skills in scrum, agile, risk management, Project Management and proven expertise in project management.",Project Management
"Experienced professional with skills in negotiation, communication, public speaking and proven expertise in communication.",Communication
"Experienced professional with skills in AWS, Azure, cloud infrastructure, GCP and proven expertise in cloud computing.",Cloud Computing
"Experienced professional with skills in automation, Kubernetes, CI/CD, Docker and proven expertise in devops.",DevOps
"Experienced professional with skills in Excel, data visualization, Data Analysis and proven expertise in data analysis.",Data Analysis
"Experienced professional with skills in backend, Java EE, Spring Boot and proven expertise in java.",Java
"Experienced professional with skills in classification, scikit-learn, Machine Learning and proven expertise in machine learning.",Machine Learning
"Experienced professional with skills in Flask, scripting and proven expertise in python.",Python
"Experienced professional with skills in data pipeline, Spark and proven expertise in data engineering.",Data Engineering
"Experienced professional with skills in conflict resolution, mentorship, team leadership and proven expertise in team leadership.",Team Leadership
"Experienced professional with skills in Data Analysis, Excel, data visualization and proven expertise in data analysis.",Data Analysis
"Experienced professional with skills in Cisco, network configuration, VPN and proven expertise in network engineering.",Network Engineering
"Experienced professional with skills in communication, negotiation, public speaking and proven expertise in communication.",Communication
"Experienced professional with skills in UI, user experience, Figma and proven expertise in ui/ux design.",UI/UX Design
"Experienced professional with skills in Selenium, software testing, QA, test automation and proven expertise in software testing.",Software Testing
"Experienced professional with skills in Machine Learning, classification, clustering and proven expertise in machine learning.",Machine Learning
"Experienced professional with skills in AI, deep learning, TensorFlow, NLP and proven expertise in artificial intelligence.",Artificial Intelligence
"Experienced professional with skills in React Native, iOS, mobile app and proven expertise in mobile development.",Mobile Development
"Experienced professional with skills in team building, team leadership, conflict resolution, mentorship and proven expertise in team leadership.",Team Leadership
"Experienced professional with skills in backend, React, CSS and proven expertise in web development.",Web Development
"Experienced professional with skills in penetration testing, vulnerability assessment, cybersecurity, network security and proven expertise in cybersecurity.",Cybersecurity
"Experienced professional with skills in scrum, agile, project planning and proven expertise in project management.",Project Management
"Experienced professional with skills in data processing, scripting, Pandas and proven expertise in python.",Python
"Experienced professional with skills in UI, Figma, UX, user experience and proven expertise in ui/ux design.",UI/UX Design
"Experienced professional with skills in Jenkins, backend, Java and proven expertise in java.",Java
"Experienced professional with skills in React, CSS, JavaScript and proven expertise in web development.",Web Development
"Experienced professional with skills in cloud infrastructure, deployment and proven expertise in cloud computing.",Cloud Computing
"Experienced professional with skills in React, CSS, HTML and proven expertise in web development.",Web Development
"Experienced professional with skills in big data, data pipeline and proven expertise in data engineering.",Data Engineering
"Experienced professional with skills in Data Analysis, Excel and proven expertise in data analysis.",Data Analysis
"Experienced professional with skills in C++, Qt and proven expertise in c++.",C++
"Experienced professional with skills in VPN, firewalls, network configuration and proven expertise in network engineering.",Network Engineering
"Experienced professional with skills in Spring Boot, Jenkins and proven expertise in java.",Java
"Experienced professional with skills in mobile app, Swift, React Native, Android and proven expertise in mobile development.",Mobile Development
"Experienced professional with skills in AWS, deployment and proven expertise in cloud computing.",Cloud Computing
"Experienced professional with skills in React, HTML, frontend and proven expertise in web development.",Web Development
"Experienced professional with skills in iOS, React Native, Swift and proven expertise in mobile development.",Mobile Development
"Experienced professional with skills in JavaScript, backend and proven expertise in web development.",Web Development
"Experienced professional with skills in Selenium, software testing and proven expertise in software testing.",Software Testing
"Experienced professional with skills in database management, MySQL and proven expertise in sql.",SQL
"Experienced professional with skills in Selenium, test automation and proven expertise in software testing.",Software Testing
"Experienced professional with skills in big data, ETL, data pipeline, Spark and proven expertise in data engineering.",Data Engineering
"Experienced professional with skills in automation, Docker, CI/CD and proven expertise in devops.",DevOps
"Experienced professional with skills in Selenium, test automation, software testing, QA and proven expertise in software testing.",Software Testing
"Experienced professional with skills in risk management, Project Management, scrum, agile and proven expertise in project management.",Project Management
"Experienced professional with skills in mentorship, conflict resolution, team building, team leadership and proven expertise in team leadership.",Team Leadership
"Experienced professional with skills in AWS, deployment, GCP, Azure and proven expertise in cloud computing.",Cloud Computing
"Experienced professional with skills in team building, mentorship, conflict resolution, team leadership and proven expertise in team leadership.",Team Leadership
"Experienced professional with skills in Java, Java EE, backend, Spring Boot and proven expertise in java.",Java
"Experienced professional with skills in Jenkins, backend, Maven, Java EE and proven expertise in java.",Java
"Experienced professional with skills in data visualization, Excel, Data Analysis, Tableau and proven expertise in data analysis.",Data Analysis
"Experienced professional with skills in UI, wireframing and proven expertise in ui/ux design.",UI/UX Design
"Experienced professional with skills in team leadership, team building, conflict resolution and proven expertise in team leadership.",Team Leadership
"Experienced professional with skills in VPN, firewalls and proven expertise in network engineering.",Network Engineering
"Experienced professional with skills in presentation, communication, negotiation and proven expertise in communication.",Communication
"Experienced professional with skills in risk management, Project Management, project planning, scrum and proven expertise in project management.",Project Management
"Experienced professional with skills in Excel, Data Analysis, Power BI, Tableau and proven expertise in data analysis.",Data Analysis
"Experienced professional with skills in automation, DevOps, CI/CD, Kubernetes and proven expertise in devops.",DevOps
"Experienced professional with skills in CSS, HTML, backend and proven expertise in web development.",Web Development
"Experienced professional with skills in AWS, Azure, cloud infrastructure and proven expertise in cloud computing.",Cloud Computing
"Experienced professional with skills in ETL, Hadoop and proven expertise in data engineering.",Data Engineering
"Experienced professional with skills in cloud infrastructure, deployment and proven expertise in cloud computing.",Cloud Computing
"Experienced professional with skills in Project Management, scrum, project planning and proven expertise in project management.",Project Management
"Experienced professional with skills in team building, conflict resolution, team leadership, mentorship and proven expertise in team leadership.",Team Leadership
"Experienced professional with skills in DevOps, automation, Docker, CI/CD and proven expertise in devops.",DevOps
"Experienced professional with skills in Adobe XD, wireframing and proven expertise in ui/ux design.",UI/UX Design
"Experienced professional with skills in UI, user experience, Adobe XD and proven expertise in ui/ux design.",UI/UX Design
"Experienced professional with skills in iOS, Android, Swift and proven expertise in mobile development.",Mobile Development
"Experienced professional with skills in firewalls, VPN, Cisco, network configuration and proven expertise in network engineering.",Network Engineering
"Experienced professional with skills in Java, Spring Boot, Java EE, backend and proven expertise in java.",Java
"Experienced professional with skills in automation, CI/CD and proven expertise in devops.",DevOps
"Experienced professional with skills in communication, public speaking, negotiation and proven expertise in communication.",Communication
"Experienced professional with skills in CSS, backend, HTML, JavaScript and proven expertise in web development.",Web Development
"Experienced professional with skills in MySQL, queries, database management, PostgreSQL and proven expertise in sql.",SQL
"Experienced professional with skills in embedded, real-time systems and proven expertise in c++.",C++
"Experienced professional with skills in ETL, big data, data pipeline, Spark and proven expertise in data engineering.",Data Engineering
"Experienced professional with skills in cloud infrastructure, deployment, AWS, GCP and proven expertise in cloud computing.",Cloud Computing
"Experienced professional with skills in software testing, QA, test automation and proven expertise in software testing.",Software Testing
"Experienced professional with skills in project planning, agile, scrum, Project Management and proven expertise in project management.",Project Management
"Experienced professional with skills in Project Management, project planning, agile and proven expertise in project management.",Project Management
"Experienced professional with skills in iOS, Swift and proven expertise in mobile development.",Mobile Development
"Experienced professional with skills in scrum, project planning, agile, risk management and proven expertise in project management.",Project Management
"Experienced professional with skills in MySQL, SQL and proven expertise in sql.",SQL
"Experienced professional with skills in Project Management, scrum and proven expertise in project management.",Project Management
"Experienced professional with skills in wireframing, Adobe XD, UX and proven expertise in ui/ux design.",UI/UX Design
"Experienced professional with skills in C++, real-time systems, game development, embedded and proven expertise in c++.",C++
"Experienced professional with skills in software testing, Selenium, QA and proven expertise in software testing.",Software Testing
"Experienced professional with skills in user experience, Adobe XD and proven expertise in ui/ux design.",UI/UX Design
"Experienced professional with skills in software testing, QA, test automation, Selenium and proven expertise in software testing.",Software Testing
"Experienced professional with skills in Power BI, Excel and proven expertise in data analysis.",Data Analysis
"Experienced professional with skills in DevOps, CI/CD, Kubernetes and proven expertise in devops.",DevOps
"Experienced professional with skills in Tableau, Data Analysis, Excel and proven expertise in data analysis.",Data Analysis
"Experienced professional with skills in mobile app, Swift and proven expertise in mobile development.",Mobile Development
"Experienced professional with skills in wireframing, Adobe XD, UI and proven expertise in ui/ux design.",UI/UX Design
"Experienced professional with skills in test automation, QA, software testing, Selenium and proven expertise in software testing.",Software Testing
"Experienced professional with skills in Adobe XD, UI, user experience and proven expertise in ui/ux design.",UI/UX Design
"Experienced professional with skills in Power BI, Tableau and proven expertise in data analysis.",Data Analysis
"Experienced professional with skills in Spark, big data, data pipeline and proven expertise in data engineering.",Data Engineering
"Experienced professional with skills in vulnerability assessment, network security and proven expertise in cybersecurity.",Cybersecurity
"Experienced professional with skills in public speaking, presentation, negotiation and proven expertise in communication.",Communication
"Experienced professional with skills in negotiation, communication, presentation and proven expertise in communication.",Communication
"Experienced professional with skills in Excel, Data Analysis, Tableau, Power BI and proven expertise in data analysis.",Data Analysis
"Experienced professional with skills in backend, Spring Boot, Java, Maven and proven expertise in java.",Java
"Experienced professional with skills in data visualization, Data Analysis, Power BI and proven expertise in data analysis.",Data Analysis
"Experienced professional with skills in GCP, deployment, Azure, AWS and proven expertise in cloud computing.",Cloud Computing
"Experienced professional with skills in risk management, scrum, project planning and proven expertise in project management.",Project Management
"Experienced professional with skills in embedded, real-time systems, C++, game development and proven expertise in c++.",C++
"Experienced professional with skills in QA, Selenium, test automation, software testing and proven expertise in software testing.",Software Testing
"Experienced professional with skills in scikit-learn, classification, regression and proven expertise in machine learning.",Machine Learning
"Experienced professional with skills in Azure, deployment and proven expertise in cloud computing.",Cloud Computing
"Experienced professional with skills in CI/CD, DevOps, Docker, Kubernetes and proven expertise in devops.",DevOps
"Experienced professional with skills in deployment, GCP, cloud infrastructure and proven expertise in cloud computing.",Cloud Computing
"Experienced professional with skills in CSS, React, backend and proven expertise in web development.",Web Development
"Experienced professional with skills in Java, Maven, Spring Boot and proven expertise in java.",Java
"Experienced professional with skills in cybersecurity, vulnerability assessment and proven expertise in cybersecurity.",Cybersecurity
"Experienced professional with skills in data visualization, Data Analysis, Excel and proven expertise in data analysis.",Data Analysis
"Experienced professional with skills in Excel, Tableau and proven expertise in data analysis.",Data Analysis
"Experienced professional with skills in big data, Spark and proven expertise in data engineering.",Data Engineering
"Experienced professional with skills in test automation, software testing, Selenium, QA and proven expertise in software testing.",Software Testing
"Experienced professional with skills in mentorship, team building, team leadership and proven expertise in team leadership.",Team Leadership
"Experienced professional with skills in Tableau, Data Analysis and proven expertise in data analysis.",Data Analysis
"Experienced professional with skills in CSS, React, backend, frontend and proven expertise in web development.",Web Development
"Experienced professional with skills in Java EE, Spring Boot, Java, backend and proven expertise in java.",Java
"Experienced professional with skills in Jenkins, Maven, Java EE and proven expertise in java.",Java
"Experienced professional with skills in wireframing, Figma, UX, user experience and proven expertise in ui/ux design.",UI/UX Design
"Experienced professional with skills in Data Analysis, data visualization and proven expertise in data analysis.",Data Analysis
"Experienced professional with skills in conflict resolution, team building and proven expertise in team leadership.",Team Leadership
"Experienced professional with skills in ETL, Hadoop and proven expertise in data engineering.",Data Engineering
"Experienced professional with skills in agile, project planning, risk management, Project Management and proven expertise in project management.",Project Management
"Experienced professional with skills in presentation, communication and proven expertise in communication.",Communication
"Experienced professional with skills in Maven, Spring Boot, Java and proven expertise in java.",Java
"Experienced professional with skills in cloud infrastructure, deployment and proven expertise in cloud computing.",Cloud Computing
"Experienced professional with skills in Qt, game development, real-time systems, embedded and proven expertise in c++.",C++
"Experienced professional with skills in backend, Java EE, Jenkins and proven expertise in java.",Java
"Experienced professional with skills in UX, Figma and proven expertise in ui/ux design.",UI/UX Design
"Experienced professional with skills in artificial intelligence, AI, NLP and proven expertise in artificial intelligence.",Artificial Intelligence
"Experienced professional with skills in Cisco, VPN, network configuration, firewalls and proven expertise in network engineering.",Network Engineering
"Experienced professional with skills in backend, Java EE, Jenkins and proven expertise in java.",Java
"Experienced professional with skills in deployment, cloud infrastructure and proven expertise in cloud computing.",Cloud Computing
"Experienced professional with skills in Azure, cloud infrastructure and proven expertise in cloud computing.",Cloud Computing
"Experienced professional with skills in communication, public speaking, negotiation and proven expertise in communication.",Communication
"Experienced professional with skills in mobile app, Android and proven expertise in mobile development.",Mobile Development
"Experienced professional with skills in public speaking, negotiation, communication, presentation and proven expertise in communication.",Communication
"Experienced professional with skills in real-time systems, game development, Qt and proven expertise in c++.",C++
"Experienced professional with skills in Kubernetes, automation, Docker and proven expertise in devops.",DevOps
"Experienced professional with skills in Qt, embedded and proven expertise in c++.",C++
"Experienced professional with skills in CI/CD, DevOps and proven expertise in devops.",DevOps
"Experienced professional with skills in Docker, automation and proven expertise in devops.",DevOps
"Experienced professional with skills in AI, TensorFlow, NLP and proven expertise in artificial intelligence.",Artificial Intelligence
"Experienced professional with skills in React, CSS, backend, HTML and proven expertise in web development.",Web Development
"Experienced professional with skills in clustering, scikit-learn, regression, classification and proven expertise in machine learning.",Machine Learning
"Experienced professional with skills in team building, team leadership, conflict resolution, mentorship and proven expertise in team leadership.",Team Leadership
"Experienced professional with skills in UI, wireframing, UX, Figma and proven expertise in ui/ux design.",UI/UX Design
"Experienced professional with skills in embedded, game development, C++ and proven expertise in c++.",C++
"Experienced professional with skills in embedded, real-time systems, C++, Qt and proven expertise in c++.",C++
"Experienced professional with skills in team building, conflict resolution, team leadership and proven expertise in team leadership.",Team Leadership
"Experienced professional with skills in frontend, backend, React and proven expertise in web development.",Web Development
"Experienced professional with skills in QA, test automation and proven expertise in software testing.",Software Testing
"Experienced professional with skills in user experience, wireframing, Adobe XD, Figma and proven expertise in ui/ux design.",UI/UX Design
"Experienced professional with skills in Spring Boot, Java EE, Jenkins and proven expertise in java.",Java
"Experienced professional with skills in deployment, GCP, Azure, AWS and proven expertise in cloud computing.",Cloud Computing
"Experienced professional with skills in Cisco, VPN, network configuration, firewalls and proven expertise in network engineering.",Network Engineering
"Experienced professional with skills in database management, queries and proven expertise in sql.",SQL
"Experienced professional with skills in cloud infrastructure, deployment, GCP, AWS and proven expertise in cloud computing.",Cloud Computing
"Experienced professional with skills in project planning, agile, Project Management, risk management and proven expertise in project management.",Project Management
"Experienced professional with skills in VPN, Cisco, network configuration, firewalls and proven expertise in network engineering.",Network Engineering
"Experienced professional with skills in backend, CSS, frontend, React and proven expertise in web development.",Web Development
"Experienced professional with skills in SQL Server, PostgreSQL, database management, queries and proven expertise in sql.",SQL
"Experienced professional with skills in AWS, cloud infrastructure, Azure and proven expertise in cloud computing.",Cloud Computing
"Experienced professional with skills in Maven, Java EE, backend and proven expertise in java.",Java
"Experienced professional with skills in game development, Qt, C++ and proven expertise in c++.",C++
"Experienced professional with skills in scripting, data processing, Flask, NumPy and proven expertise in python.",Python
"Experienced professional with skills in Swift, Android, mobile app and proven expertise in mobile development.",Mobile Development
"Experienced professional with skills in backend, CSS and proven expertise in web development.",Web Development
"Experienced professional with skills in cloud infrastructure, GCP, Azure and proven expertise in cloud computing.",Cloud Computing
"Experienced professional with skills in NumPy, data processing, Django and proven expertise in python.",Python
"Experienced professional with skills in presentation, communication, public speaking, negotiation and proven expertise in communication.",Communication
"Experienced professional with skills in iOS, Swift, mobile app and proven expertise in mobile development.",Mobile Development
"Experienced professional with skills in Docker, Kubernetes, DevOps, automation and proven expertise in devops.",DevOps
"Experienced professional with skills in agile, project planning and proven expertise in project management.",Project Management
"Experienced professional with skills in data visualization, Tableau and proven expertise in data analysis.",Data Analysis
"Experienced professional with skills in conflict resolution, team building, mentorship and proven expertise in team leadership.",Team Leadership
"Experienced professional with skills in software testing, Selenium and proven expertise in software testing.",Software Testing
"Experienced professional with skills in scikit-learn, clustering, Machine Learning, regression and proven expertise in machine learning.",Machine Learning
"Experienced professional with skills in React Native, iOS and proven expertise in mobile development.",Mobile Development
"Experienced professional with skills in QA, Selenium, software testing and proven expertise in software testing.",Software Testing
"Experienced professional with skills in presentation, public speaking and proven expertise in communication.",Communication
"Experienced professional with skills in Tableau, data visualization, Power BI and proven expertise in data analysis.",Data Analysis
"Experienced professional with skills in AWS, cloud infrastructure, Azure and proven expertise in cloud computing.",Cloud Computing
"Experienced professional with skills in deep learning, TensorFlow and proven expertise in artificial intelligence.",Artificial Intelligence
"Experienced professional with skills in TensorFlow, artificial intelligence, deep learning and proven expertise in artificial intelligence.",Artificial Intelligence
"Experienced professional with skills in automation, CI/CD, Kubernetes, Docker and proven expertise in devops.",DevOps
"Experienced professional with skills in team leadership, team building, mentorship, conflict resolution and proven expertise in team leadership.",Team Leadership
"Experienced professional with skills in Maven, Spring Boot, backend and proven expertise in java.",Java
"Experienced professional with skills in React Native, Android, mobile app, Swift and proven expertise in mobile development.",Mobile Development
"Experienced professional with skills in mobile app, Android, iOS and proven expertise in mobile development.",Mobile Development
"Experienced professional with skills in database management, PostgreSQL, queries, SQL Server and proven expertise in sql.",SQL
"Experienced professional with skills in CI/CD, Docker and proven expertise in devops.",DevOps
"Experienced professional with skills in data visualization, Tableau, Power BI and proven expertise in data analysis.",Data Analysis
"Experienced professional with skills in deployment, cloud infrastructure and proven expertise in cloud computing.",Cloud Computing
"Experienced professional with skills in Pandas, NumPy and proven expertise in python.",Python
"Experienced professional with skills in user experience, UX and proven expertise in ui/ux design.",UI/UX Design
"Experienced professional with skills in Java EE, backend, Jenkins, Java and proven expertise in java.",Java
"Experienced professional with skills in deployment, GCP and proven expertise in cloud computing.",Cloud Computing
"Experienced professional with skills in CI/CD, automation, DevOps, Kubernetes and proven expertise in devops.",DevOps
"Experienced professional with skills in scikit-learn, regression, Machine Learning and proven expertise in machine learning.",Machine Learning
"Experienced professional with skills in network security, cybersecurity, penetration testing and proven expertise in cybersecurity.",Cybersecurity
"Experienced professional with skills in cloud infrastructure, AWS, deployment and proven expertise in cloud computing.",Cloud Computing
"Experienced professional with skills in clustering, classification, regression and proven expertise in machine learning.",Machine Learning
"Experienced professional with skills in QA, test automation, software testing and proven expertise in software testing.",Software Testing
"Experienced professional with skills in conflict resolution, team leadership and proven expertise in team leadership.",Team Leadership
"Experienced professional with skills in public speaking, communication, negotiation and proven expertise in communication.",Communication
"Experienced professional with skills in presentation, communication and proven expertise in communication.",Communication
"Experienced professional with skills in Qt, C++, embedded and proven expertise in c++.",C++
"Experienced professional with skills in data visualization, Tableau and proven expertise in data analysis.",Data Analysis
"Experienced professional with skills in Kubernetes, automation, DevOps, Docker and proven expertise in devops.",DevOps
"Experienced professional with skills in Figma, user experience, wireframing, UX and proven expertise in ui/ux design.",UI/UX Design
"Experienced professional with skills in SQL Server, SQL, database management, PostgreSQL and proven expertise in sql.",SQL
"Experienced professional with skills in communication, negotiation, presentation, public speaking and proven expertise in communication.",Communication
"Experienced professional with skills in network configuration, Cisco, VPN, firewalls and proven expertise in network engineering.",Network Engineering
"Experienced professional with skills in iOS, Swift, React Native and proven expertise in mobile development.",Mobile Development
"Experienced professional with skills in SQL, database management and proven expertise in sql.",SQL
"Experienced professional with skills in CI/CD, DevOps, Kubernetes, Docker and proven expertise in devops.",DevOps
"Experienced professional with skills in SQL, SQL Server and proven expertise in sql.",SQL
"Experienced professional with skills in Selenium, software testing and proven expertise in software testing.",Software Testing
"Experienced professional with skills in project planning, Project Management, agile, risk management and proven expertise in project management.",Project Management
"Experienced professional with skills in project planning, agile and proven expertise in project management.",Project Management
"Experienced professional with skills in SQL, SQL Server, queries, database management and proven expertise in sql.",SQL
"Experienced professional with skills in Figma, UX, wireframing, user experience and proven expertise in ui/ux design.",UI/UX Design
"Experienced professional with skills in MySQL, SQL Server, database management and proven expertise in sql.",SQL
"Experienced professional with skills in Machine Learning, regression and proven expertise in machine learning.",Machine Learning
"Experienced professional with skills in team leadership, conflict resolution, mentorship and proven expertise in team leadership.",Team Leadership
"Experienced professional with skills in DevOps, Docker, CI/CD and proven expertise in devops.",DevOps
